insert into profilepicture (pictureid, profileid) values (6, 5), (4, 6), (5, 4), (2, 6), (3, 1), (9, 1), (6, 1), (4, 9), (8, 5), (3, 3);
insert into profile (userid, head, postnumberperpage, picturenumberperpage, date, pictureid) values (6, 'Szöveg', 4, 9, 2018, 6);
insert into profile (userid, head, postnumberperpage, picturenumberperpage, date, pictureid) values (4, 'Másik Szöveg', 5, 3, 2017, 3);
insert into profile (userid, head, postnumberperpage, picturenumberperpage, date, pictureid) values (2, 'Ez egy head szöveg', 2, 2, 2018, 2);
insert into profile (userid, head, postnumberperpage, picturenumberperpage, date, pictureid) values (6, 'Ez egy másik head szöveg', 9, 3, 2018, 7);
insert into profile (userid, head, postnumberperpage, picturenumberperpage, date, pictureid) values (8, 'Itt  nincs szöveg', 2, 4, 2016, 7);
insert into profile (userid, head, postnumberperpage, picturenumberperpage, date, pictureid) values (1, 'Itt  sincs szöveg', 3, 9, 2018, 2);
insert into profile (userid, head, postnumberperpage, picturenumberperpage, date, pictureid) values (3, 'Nagyon jó kis header', 2, 4, 2018, 2);
insert into profile (userid, head, postnumberperpage, picturenumberperpage, date, pictureid) values (5, 'Header', 2, 7, 2018, 2);
insert into profile (userid, head, postnumberperpage, picturenumberperpage, date, pictureid) values (7, 'Headerek', 6, 9, 2018, 1);
insert into profile (userid, head, postnumberperpage, picturenumberperpage, date, pictureid) values (9, 'Headerek2', 6, 9, 2018, 1);
insert into permissions (userid, userstatus, profileid) values (5, 'boss', 9), (6, 'user', 3), (7, 'user', 2), (2, 'boss', 3), (9, 'user', 1),
(1, 'user', 8), (4, 'user', 4), (3, 'user', 5), (8, 'user', 2), (10, 'user', 3);